{
  "candidate_id": "R01",
  "channels": "(32, 64, 128)",
  "kernels": "(8, 5, 3)",
  "dropout": 0.0,
  "learning_rate": 0.001,
  "batch_size": 64,
  "weight_decay": 0.0001,
  "epochs": 50,
  "patience": 10,
  "Threshold": 0.83,
  "Accuracy": 0.9184782608695652,
  "Precision": 0.930648769574944,
  "Recall": 0.9043478260869565,
  "F1-score": 0.9173098125689085,
  "ROC-AUC": 0.9754489603024575,
  "val_Accuracy": 0.9375,
  "val_Precision": 0.9497206703910615,
  "val_Recall": 0.9239130434782609,
  "val_F1-score": 0.9366391184573003,
  "val_ROC-AUC": 0.9859699905482042,
  "best_val_auc_from_training": 0.9859699905482042,
  "best_epoch": 19,
  "train_seconds": 24.940433979034424,
  "test_positive_predictions": 447
}