{
  "candidate_id": "R02",
  "channels": "(32, 64, 128)",
  "kernels": "(8, 5, 3)",
  "dropout": 0.0,
  "learning_rate": 0.001,
  "batch_size": 128,
  "weight_decay": 0.0001,
  "epochs": 50,
  "patience": 10,
  "Threshold": 0.57,
  "Accuracy": 0.9228260869565217,
  "Precision": 0.933184855233853,
  "Recall": 0.9108695652173913,
  "F1-score": 0.9218921892189219,
  "ROC-AUC": 0.9780009451795841,
  "val_Accuracy": 0.9483695652173914,
  "val_Precision": 0.9459459459459459,
  "val_Recall": 0.9510869565217391,
  "val_F1-score": 0.948509485094851,
  "val_ROC-AUC": 0.9888055293005671,
  "best_val_auc_from_training": 0.9888055293005671,
  "best_epoch": 24,
  "train_seconds": 23.31345796585083,
  "test_positive_predictions": 449
}