{
  "candidate_id": "R03",
  "channels": "(32, 64, 128)",
  "kernels": "(8, 5, 3)",
  "dropout": 0.0,
  "learning_rate": 0.0005,
  "batch_size": 64,
  "weight_decay": 0.0001,
  "epochs": 50,
  "patience": 10,
  "Threshold": 0.64,
  "Accuracy": 0.9217391304347826,
  "Precision": 0.9092827004219409,
  "Recall": 0.9369565217391305,
  "F1-score": 0.9229122055674518,
  "ROC-AUC": 0.9767013232514178,
  "val_Accuracy": 0.9483695652173914,
  "val_Precision": 0.9459459459459459,
  "val_Recall": 0.9510869565217391,
  "val_F1-score": 0.948509485094851,
  "val_ROC-AUC": 0.9876831285444234,
  "best_val_auc_from_training": 0.9876831285444234,
  "best_epoch": 19,
  "train_seconds": 22.18908953666687,
  "test_positive_predictions": 474
}