{
  "candidate_id": "R04",
  "channels": "(32, 64, 128)",
  "kernels": "(8, 5, 3)",
  "dropout": 0.0,
  "learning_rate": 0.0005,
  "batch_size": 128,
  "weight_decay": 0.0001,
  "epochs": 50,
  "patience": 10,
  "Threshold": 0.69,
  "Accuracy": 0.9163043478260869,
  "Precision": 0.9592326139088729,
  "Recall": 0.8695652173913043,
  "F1-score": 0.9122006841505131,
  "ROC-AUC": 0.9780812854442344,
  "val_Accuracy": 0.9456521739130435,
  "val_Precision": 0.9659090909090909,
  "val_Recall": 0.9239130434782609,
  "val_F1-score": 0.9444444444444444,
  "val_ROC-AUC": 0.9847294423440454,
  "best_val_auc_from_training": 0.9847294423440454,
  "best_epoch": 15,
  "train_seconds": 16.7296359539032,
  "test_positive_predictions": 417
}