{
  "candidate_id": "R05",
  "channels": "(32, 64, 128)",
  "kernels": "(8, 5, 3)",
  "dropout": 0.1,
  "learning_rate": 0.001,
  "batch_size": 64,
  "weight_decay": 0.0001,
  "epochs": 50,
  "patience": 10,
  "Threshold": 0.86,
  "Accuracy": 0.9152173913043479,
  "Precision": 0.9134199134199135,
  "Recall": 0.9173913043478261,
  "F1-score": 0.9154013015184381,
  "ROC-AUC": 0.9744423440453686,
  "val_Accuracy": 0.9320652173913043,
  "val_Precision": 0.9206349206349206,
  "val_Recall": 0.9456521739130435,
  "val_F1-score": 0.9329758713136729,
  "val_ROC-AUC": 0.9827209357277884,
  "best_val_auc_from_training": 0.9827209357277884,
  "best_epoch": 19,
  "train_seconds": 22.86963653564453,
  "test_positive_predictions": 462
}