{
  "candidate_id": "R06",
  "channels": "(32, 64, 128)",
  "kernels": "(8, 5, 3)",
  "dropout": 0.1,
  "learning_rate": 0.001,
  "batch_size": 128,
  "weight_decay": 0.0001,
  "epochs": 50,
  "patience": 10,
  "Threshold": 0.41,
  "Accuracy": 0.933695652173913,
  "Precision": 0.9716312056737588,
  "Recall": 0.8934782608695652,
  "F1-score": 0.9309173272933182,
  "ROC-AUC": 0.9770179584120983,
  "val_Accuracy": 0.9347826086956522,
  "val_Precision": 0.9705882352941176,
  "val_Recall": 0.8967391304347826,
  "val_F1-score": 0.9322033898305084,
  "val_ROC-AUC": 0.983961483931947,
  "best_val_auc_from_training": 0.983961483931947,
  "best_epoch": 30,
  "train_seconds": 28.10952663421631,
  "test_positive_predictions": 423
}