{
  "candidate_id": "R07",
  "channels": "(32, 64, 128)",
  "kernels": "(8, 5, 3)",
  "dropout": 0.1,
  "learning_rate": 0.0005,
  "batch_size": 64,
  "weight_decay": 0.0001,
  "epochs": 50,
  "patience": 10,
  "Threshold": 0.72,
  "Accuracy": 0.9217391304347826,
  "Precision": 0.9127659574468086,
  "Recall": 0.9326086956521739,
  "F1-score": 0.9225806451612903,
  "ROC-AUC": 0.9738279773156899,
  "val_Accuracy": 0.9266304347826086,
  "val_Precision": 0.9067357512953368,
  "val_Recall": 0.9510869565217391,
  "val_F1-score": 0.9283819628647215,
  "val_ROC-AUC": 0.980594281663516,
  "best_val_auc_from_training": 0.980594281663516,
  "best_epoch": 19,
  "train_seconds": 22.96121120452881,
  "test_positive_predictions": 470
}