{
  "candidate_id": "R08",
  "channels": "(32, 64, 128)",
  "kernels": "(8, 5, 3)",
  "dropout": 0.1,
  "learning_rate": 0.0005,
  "batch_size": 128,
  "weight_decay": 0.0001,
  "epochs": 50,
  "patience": 10,
  "Threshold": 0.22,
  "Accuracy": 0.933695652173913,
  "Precision": 0.9327548806941431,
  "Recall": 0.9347826086956522,
  "F1-score": 0.9337676438653637,
  "ROC-AUC": 0.9759404536862004,
  "val_Accuracy": 0.9429347826086957,
  "val_Precision": 0.9222797927461139,
  "val_Recall": 0.967391304347826,
  "val_F1-score": 0.9442970822281167,
  "val_ROC-AUC": 0.9866788752362948,
  "best_val_auc_from_training": 0.9866788752362948,
  "best_epoch": 50,
  "train_seconds": 34.961862087249756,
  "test_positive_predictions": 461
}