{
  "candidate_id": "R09",
  "channels": "(64, 128, 128)",
  "kernels": "(8, 5, 3)",
  "dropout": 0.0,
  "learning_rate": 0.001,
  "batch_size": 64,
  "weight_decay": 0.0001,
  "epochs": 50,
  "patience": 10,
  "Threshold": 0.49,
  "Accuracy": 0.9293478260869565,
  "Precision": 0.9498861047835991,
  "Recall": 0.9065217391304348,
  "F1-score": 0.9276974416017798,
  "ROC-AUC": 0.976758034026465,
  "val_Accuracy": 0.9456521739130435,
  "val_Precision": 0.9659090909090909,
  "val_Recall": 0.9239130434782609,
  "val_F1-score": 0.9444444444444444,
  "val_ROC-AUC": 0.9838137996219282,
  "best_val_auc_from_training": 0.9838137996219282,
  "best_epoch": 20,
  "train_seconds": 31.066294193267822,
  "test_positive_predictions": 439
}