{
  "candidate_id": "R10",
  "channels": "(64, 128, 128)",
  "kernels": "(8, 5, 3)",
  "dropout": 0.0,
  "learning_rate": 0.001,
  "batch_size": 128,
  "weight_decay": 0.0001,
  "epochs": 50,
  "patience": 10,
  "Threshold": 0.54,
  "Accuracy": 0.9293478260869565,
  "Precision": 0.9647058823529412,
  "Recall": 0.8913043478260869,
  "F1-score": 0.9265536723163842,
  "ROC-AUC": 0.9817958412098299,
  "val_Accuracy": 0.9456521739130435,
  "val_Precision": 0.9767441860465116,
  "val_Recall": 0.9130434782608695,
  "val_F1-score": 0.9438202247191011,
  "val_ROC-AUC": 0.9899870037807184,
  "best_val_auc_from_training": 0.9899870037807184,
  "best_epoch": 33,
  "train_seconds": 41.133567810058594,
  "test_positive_predictions": 425
}