{
  "candidate_id": "R11",
  "channels": "(64, 128, 128)",
  "kernels": "(8, 5, 3)",
  "dropout": 0.0,
  "learning_rate": 0.0005,
  "batch_size": 64,
  "weight_decay": 0.0001,
  "epochs": 50,
  "patience": 10,
  "Threshold": 0.39,
  "Accuracy": 0.9391304347826087,
  "Precision": 0.9316239316239316,
  "Recall": 0.9478260869565217,
  "F1-score": 0.9396551724137931,
  "ROC-AUC": 0.9822778827977316,
  "val_Accuracy": 0.9483695652173914,
  "val_Precision": 0.9230769230769231,
  "val_Recall": 0.9782608695652174,
  "val_F1-score": 0.9498680738786279,
  "val_ROC-AUC": 0.9884806238185255,
  "best_val_auc_from_training": 0.9884806238185255,
  "best_epoch": 23,
  "train_seconds": 34.199697732925415,
  "test_positive_predictions": 468
}