{
  "candidate_id": "R12",
  "channels": "(64, 128, 128)",
  "kernels": "(8, 5, 3)",
  "dropout": 0.0,
  "learning_rate": 0.0005,
  "batch_size": 128,
  "weight_decay": 0.0001,
  "epochs": 50,
  "patience": 10,
  "Threshold": 0.57,
  "Accuracy": 0.925,
  "Precision": 0.9373601789709173,
  "Recall": 0.9108695652173913,
  "F1-score": 0.9239250275633958,
  "ROC-AUC": 0.9791115311909263,
  "val_Accuracy": 0.9456521739130435,
  "val_Precision": 0.9505494505494505,
  "val_Recall": 0.9402173913043478,
  "val_F1-score": 0.9453551912568307,
  "val_ROC-AUC": 0.9855860113421551,
  "best_val_auc_from_training": 0.9855860113421551,
  "best_epoch": 24,
  "train_seconds": 32.72891664505005,
  "test_positive_predictions": 447
}