{
  "candidate_id": "R13",
  "channels": "(64, 128, 128)",
  "kernels": "(8, 5, 3)",
  "dropout": 0.1,
  "learning_rate": 0.001,
  "batch_size": 64,
  "weight_decay": 0.0001,
  "epochs": 50,
  "patience": 10,
  "Threshold": 0.67,
  "Accuracy": 0.9206521739130434,
  "Precision": 0.9367945823927766,
  "Recall": 0.9021739130434783,
  "F1-score": 0.9191583610188261,
  "ROC-AUC": 0.9756427221172022,
  "val_Accuracy": 0.9320652173913043,
  "val_Precision": 0.9344262295081968,
  "val_Recall": 0.9293478260869565,
  "val_F1-score": 0.9318801089918256,
  "val_ROC-AUC": 0.9846703686200379,
  "best_val_auc_from_training": 0.9846703686200379,
  "best_epoch": 50,
  "train_seconds": 54.626418590545654,
  "test_positive_predictions": 443
}