{
  "candidate_id": "R14",
  "channels": "(64, 128, 128)",
  "kernels": "(8, 5, 3)",
  "dropout": 0.1,
  "learning_rate": 0.001,
  "batch_size": 128,
  "weight_decay": 0.0001,
  "epochs": 50,
  "patience": 10,
  "Threshold": 0.79,
  "Accuracy": 0.9228260869565217,
  "Precision": 0.9293598233995585,
  "Recall": 0.9152173913043479,
  "F1-score": 0.9222343921139102,
  "ROC-AUC": 0.9761814744801512,
  "val_Accuracy": 0.9375,
  "val_Precision": 0.9351351351351351,
  "val_Recall": 0.9402173913043478,
  "val_F1-score": 0.9376693766937669,
  "val_ROC-AUC": 0.9836365784499055,
  "best_val_auc_from_training": 0.9836365784499055,
  "best_epoch": 25,
  "train_seconds": 35.19755792617798,
  "test_positive_predictions": 453
}