{
  "candidate_id": "R15",
  "channels": "(64, 128, 128)",
  "kernels": "(8, 5, 3)",
  "dropout": 0.1,
  "learning_rate": 0.0005,
  "batch_size": 64,
  "weight_decay": 0.0001,
  "epochs": 50,
  "patience": 10,
  "Threshold": 0.83,
  "Accuracy": 0.9195652173913044,
  "Precision": 0.9346846846846847,
  "Recall": 0.9021739130434783,
  "F1-score": 0.918141592920354,
  "ROC-AUC": 0.974569943289225,
  "val_Accuracy": 0.9320652173913043,
  "val_Precision": 0.9392265193370166,
  "val_Recall": 0.9239130434782609,
  "val_F1-score": 0.9315068493150684,
  "val_ROC-AUC": 0.9814803875236294,
  "best_val_auc_from_training": 0.9814803875236294,
  "best_epoch": 16,
  "train_seconds": 28.26429009437561,
  "test_positive_predictions": 444
}