{
  "candidate_id": "R16",
  "channels": "(64, 128, 128)",
  "kernels": "(8, 5, 3)",
  "dropout": 0.1,
  "learning_rate": 0.0005,
  "batch_size": 128,
  "weight_decay": 0.0001,
  "epochs": 50,
  "patience": 10,
  "Threshold": 0.1,
  "Accuracy": 0.9315217391304348,
  "Precision": 0.9627039627039627,
  "Recall": 0.8978260869565218,
  "F1-score": 0.9291338582677166,
  "ROC-AUC": 0.9799054820415879,
  "val_Accuracy": 0.9293478260869565,
  "val_Precision": 0.9540229885057471,
  "val_Recall": 0.9021739130434783,
  "val_F1-score": 0.9273743016759777,
  "val_ROC-AUC": 0.9844931474480152,
  "best_val_auc_from_training": 0.9844931474480152,
  "best_epoch": 49,
  "train_seconds": 50.27671718597412,
  "test_positive_predictions": 429
}